
INSERT INTO `departments` VALUES 
('1001','Marketing'),
('1002','Finance'),
('1003','Human Resources'),
('1004','Production'),
('1005','Development'),
('1006','Quality Management'),
('1007','Sales'),
('1008','Research'),
('1009','Customer Service');

INSERT INTO `employees` VALUES 
(10001,'1953-09-02','firstname1','lastname1','M','2011-03-08'),
(10002,'1964-06-02','firstname1','lastname1','M','2011-03-08'),	
(10003,'1959-12-03','firstname1','lastname1','M','2011-03-08'),	
(10004,'1954-05-01','firstname1','lastname1','M','2011-03-08'),	
(10005,'1955-01-21','firstname1','lastname1','M','2011-03-08'),	
(10006,'1953-04-20','firstname1','lastname1','M','2011-03-08'),	
(10007,'2009-10-09','firstname1','lastname1','M','2011-03-08'),	
(10008,'2009-10-09','firstname1','lastname1','M','2011-03-08'),	
(10009,'2009-10-09','firstname1','lastname1','M','2011-03-08'),	
(10010,'2009-10-09','firstname1','lastname1','M','2011-03-08'),	
(10011,'2009-10-09','firstname1','lastname1','M','2011-03-08'),	
(10012,'2009-10-09','firstname1','lastname1','M','2011-03-08'),	
(10013,'2009-10-09','firstname1','lastname1','M','2011-03-08'),	
(10014,'2009-10-09','firstname1','lastname1','M','2011-03-08'),	
(10015,'2009-10-09','firstname1','lastname1','M','2011-03-08'),	
(10016,'2009-10-09','firstname1','lastname1','M','2011-03-08'),	
(10017,'2009-10-09','firstname1','lastname1','M','2011-03-08'),	
(10018,'2009-10-09','firstname1','lastname1','M','2011-03-08'),	
(10019,'2009-10-09','firstname1','lastname1','M','2011-03-08'),	
(10020,'2009-10-09','firstname1','lastname1','M','2011-03-08'),	
(10021,'2009-10-09','firstname1','lastname1','M','2011-03-08'),	
(10022,'2009-10-09','firstname1','lastname1','M','2011-03-08'),	
(10023,'2009-10-09','firstname1','lastname1','M','2011-03-08'),	
(10024,'2009-10-09','firstname1','lastname1','M','2011-03-08'),	
(10025,'2009-10-09','firstname1','lastname1','M','2011-03-08'),	
(10026,'2009-10-09','firstname1','lastname1','M','2011-03-08'),	
(10027,'2009-10-09','firstname1','lastname1','M','2011-03-08'),	
(10028,'2009-10-09','firstname1','lastname1','M','2011-03-08'),	
(10029,'2009-10-09','firstname1','lastname1','M','2011-03-08'),	
(10030,'2009-10-09','firstname1','lastname1','M','2011-03-08'),	
(10031,'2009-10-09','firstname1','lastname1','M','2011-03-08'),	
(10032,'2009-10-09','firstname1','lastname1','M','2011-03-08'),	
(10033,'2009-10-09','firstname1','lastname1','M','2011-03-08'),	
(10034,'2009-10-09','firstname1','lastname1','M','2011-03-08'),	
(10035,'2009-10-09','firstname1','lastname1','M','2011-03-08'),	
(10036,'2009-10-09','firstname1','lastname1','M','2011-03-08'),	
(10037,'2009-10-09','firstname1','lastname1','M','2011-03-08'),	
(10038,'2009-10-09','firstname1','lastname1','M','2011-03-08'),	
(10039,'2009-10-09','firstname1','lastname1','M','2011-03-08'),	
(10040,'2009-10-09','firstname1','lastname1','M','2011-03-08'),	
(10041,'2009-10-09','firstname1','lastname1','M','2011-03-08'),	
(10042,'2009-10-09','firstname1','lastname1','M','2011-03-08'),	
(10043,'2009-10-09','firstname1','lastname1','M','2011-03-08'),	
(10044,'2009-10-09','firstname1','lastname1','M','2011-03-08'),	
(10045,'2009-10-09','firstname1','lastname1','M','2011-03-08'),	
(10046,'2009-10-09','firstname1','lastname1','M','2011-03-08'),	
(10047,'2009-10-09','firstname1','lastname1','M','2011-03-08'),	
(10048,'2009-10-09','firstname1','lastname1','M','2011-03-08'),	
(10049,'2009-10-09','firstname1','lastname1','M','2011-03-08'),	
(10050,'2009-10-09','firstname1','lastname1','M','2011-03-08'),	
(10051,'2009-10-09','firstname1','lastname1','M','2011-03-08'),	
(10052,'2009-10-09','firstname1','lastname1','M','2011-03-08'),	
(10053,'2009-10-09','firstname1','lastname1','M','2011-03-08'),	
(10054,'2009-10-09','firstname1','lastname1','M','2011-03-08'),	
(10055,'2009-10-09','firstname1','lastname1','M','2011-03-08'),	
(10056,'2009-10-09','firstname1','lastname1','M','2011-03-08'),	
(10057,'2009-10-09','firstname1','lastname1','M','2011-03-08'),	
(10058,'2009-10-09','firstname1','lastname1','M','2011-03-08'),	
(10059,'2009-10-09','firstname1','lastname1','M','2011-03-08'),	
(10060,'2009-10-09','firstname1','lastname1','M','2011-03-08'),	
(10061,'2009-10-09','firstname1','lastname1','M','2011-03-08'),	
(10062,'2009-10-09','firstname1','lastname1','M','2011-03-08'),	
(10063,'2009-10-09','firstname1','lastname1','M','2011-03-08'),	
(10064,'2009-10-09','firstname1','lastname1','M','2011-03-08'),	
(10065,'2009-10-09','firstname1','lastname1','M','2011-03-08'),	
(10066,'2009-10-09','firstname1','lastname1','M','2011-03-08'),	
(10067,'2009-10-09','firstname1','lastname1','M','2011-03-08'),	
(10068,'2009-10-09','firstname1','lastname1','M','2011-03-08'),	
(10069,'2009-10-09','firstname1','lastname1','M','2011-03-08'),	
(10070,'2009-10-09','firstname1','lastname1','M','2011-03-08'),	
(10071,'2009-10-09','firstname1','lastname1','M','2011-03-08'),	
(10072,'2009-10-09','firstname1','lastname1','M','2011-03-08'),	
(10073,'2009-10-09','firstname1','lastname1','M','2011-03-08'),	
(10074,'2009-10-09','firstname1','lastname1','M','2011-03-08'),	
(10075,'2009-10-09','firstname1','lastname1','M','2011-03-08'),	
(10076,'2009-10-09','firstname1','lastname1','M','2011-03-08'),	
(10077,'2009-10-09','firstname1','lastname1','M','2011-03-08'),	
(10078,'2009-10-09','firstname1','lastname1','M','2011-03-08'),	
(10079,'2009-10-09','firstname1','lastname1','M','2011-03-08'),	
(10080,'2009-10-09','firstname1','lastname1','M','2011-03-08'),	
(10081,'2009-10-09','firstname1','lastname1','M','2011-03-08'),	
(10082,'2009-10-09','firstname1','lastname1','M','2011-03-08'),	
(10083,'2009-10-09','firstname1','lastname1','M','2011-03-08'),	
(10084,'2009-10-09','firstname1','lastname1','M','2011-03-08'),	
(10085,'2009-10-09','firstname1','lastname1','M','2011-03-08'),	
(10086,'2009-10-09','firstname1','lastname1','M','2011-03-08'),	
(10087,'2009-10-09','firstname1','lastname1','M','2011-03-08'),	
(10088,'2009-10-09','firstname1','lastname1','M','2011-03-08'),	
(10089,'2009-10-09','firstname1','lastname1','M','2011-03-08'),	
(10090,'2009-10-09','firstname1','lastname1','M','2011-03-08'),	
(10091,'2009-10-09','firstname1','lastname1','M','2011-03-08'),	
(10092,'2009-10-09','firstname1','lastname1','M','2011-03-08'),	
(10093,'2009-10-09','firstname1','lastname1','M','2011-03-08'),	
(10094,'2009-10-09','firstname1','lastname1','M','2011-03-08'),	
(10095,'2009-10-09','firstname1','lastname1','M','2011-03-08'),	
(10096,'2009-10-09','firstname1','lastname1','M','2011-03-08'),	
(10097,'2009-10-09','firstname1','lastname1','M','2011-03-08'),	
(10098,'2009-10-09','firstname1','lastname1','M','2011-03-08'),	
(10099,'2009-10-09','firstname1','lastname1','M','2011-03-08'),	
(10100,'2009-10-09','firstname1','lastname1','M','2011-03-08');


INSERT INTO `dept_emp` VALUES (10001,'1005','2020-12-15','2020-08-11'),
(10002,'1007','2020-12-15','2020-08-11'),
(10003,'1004','2020-12-15','2020-08-11'),
(10004,'1004','2020-12-15','2020-08-11'),
(10005,'1003','2020-12-15','2020-08-11'),
(10006,'1005','2020-12-15','2020-08-11'),
(10007,'1008','2020-12-15','2020-08-11'),
(10008,'1005','2020-12-15','2020-08-11'),
(10009,'1006','2020-12-15','2020-08-11'),
(10010,'1004','2020-12-15','2020-08-11'),
(10010,'1006','2020-12-15','2020-08-11'),
(10011,'1009','2020-12-15','2020-08-11'),
(10012,'1005','2020-12-15','2020-08-11'),
(10013,'1003','2020-12-15','2020-08-11'),
(10014,'1005','2020-12-15','2020-08-11'),
(10015,'1008','2020-12-15','2020-08-11'),
(10016,'1007','2020-12-15','2020-08-11'),
(10017,'1001','2020-12-15','2020-08-11'),
(10018,'1004','2020-12-15','2020-08-11'),
(10018,'1005','2020-12-15','2020-08-11'),
(10019,'1008','2020-12-15','2020-08-11'),
(10020,'1004','2020-12-15','2020-08-11'),
(10021,'1005','2020-12-15','2020-08-11'),
(10022,'1005','2020-12-15','2020-08-11'),
(10023,'1005','2020-12-15','2020-08-11'),
(10024,'1004','2020-12-15','2020-08-11'),
(10025,'1005','2020-12-15','2020-08-11'),
(10026,'1004','2020-12-15','2020-08-11'),
(10027,'1005','2020-12-15','2020-08-11'),
(10028,'1005','2020-12-15','2020-08-11'),
(10029,'1004','2020-12-15','2020-08-11'),
(10029,'1006','2020-12-15','2020-08-11'),
(10030,'1004','2020-12-15','2020-08-11'),
(10031,'1005','2020-12-15','2020-08-11'),
(10032,'1004','2020-12-15','2020-08-11'),
(10033,'1006','2020-12-15','2020-08-11'),
(10034,'1007','2020-12-15','2020-08-11'),
(10035,'1004','2020-12-15','2020-08-11'),
(10036,'1003','2020-12-15','2020-08-11'),
(10037,'1005','2020-12-15','2020-08-11'),
(10038,'1009','2020-12-15','2020-08-11'),
(10039,'1003','2020-12-15','2020-08-11'),
(10040,'1005','2020-12-15','2020-08-11'),
(10040,'1008','2020-12-15','2020-08-11'),
(10041,'1007','2020-12-15','2020-08-11'),
(10042,'1002','2020-12-15','2020-08-11'),
(10043,'1005','2020-12-15','2020-08-11'),
(10044,'1004','2020-12-15','2020-08-11'),
(10045,'1004','2020-12-15','2020-08-11'),
(10046,'1008','2020-12-15','2020-08-11'),
(10047,'1004','2020-12-15','2020-08-11'),
(10048,'1005','2020-12-15','2020-08-11'),
(10049,'1009','2020-12-15','2020-08-11'),
(10050,'1002','2020-12-15','2020-08-11'),
(10050,'1007','2020-12-15','2020-08-11'),
(10051,'1004','2020-12-15','2020-08-11'),
(10052,'1008','2020-12-15','2020-08-11'),
(10053,'1007','2020-12-15','2020-08-11'),
(10054,'1003','2020-12-15','2020-08-11'),
(10055,'1001','2020-12-15','2020-08-11'),
(10056,'1005','2020-12-15','2020-08-11'),
(10057,'1005','2020-12-15','2020-08-11'),
(10058,'1001','2020-12-15','2020-08-11'),
(10059,'1002','2020-12-15','2020-08-11'),
(10060,'1007','2020-12-15','2020-08-11'),
(10060,'1009','2020-12-15','2020-08-11'),
(10061,'1007','2020-12-15','2020-08-11'),
(10062,'1005','2020-12-15','2020-08-11'),
(10063,'1004','2020-12-15','2020-08-11'),
(10064,'1008','2020-12-15','2020-08-11');


INSERT INTO `dept_manager` VALUES 
(10002,'1001','2020-11-23','2011-12-21'),
(10004,'1001','2020-11-23','2011-12-21'),
(10005,'1002','2020-11-23','2011-12-21'),
(10006,'1002','2020-11-23','2011-12-21'),
(10007,'1003','2020-11-23','2011-12-21'),
(10008,'1003','2020-11-23','2011-12-21'),
(10009,'1004','2020-11-23','2011-12-21'),
(10010,'1004','2020-11-23','2011-12-21'),
(10011,'1004','2020-11-23','2011-12-21'),
(10012,'1004','2020-11-23','2011-12-21'),
(10013,'1005','2020-11-23','2011-12-21'),
(10014,'1005','2020-11-23','2011-12-21'),
(10015,'1006','2020-11-23','2011-12-21'),
(10016,'1006','2020-11-23','2011-12-21'),
(10017,'1006','2020-11-23','2011-12-21'),
(10018,'1006','2020-11-23','2011-12-21'),
(10019,'1007','2020-11-23','2011-12-21'),
(10020,'1007','2020-11-23','2011-12-21'),
(10021,'1008','2020-11-23','2011-12-21'),
(10022,'1008','2020-11-23','2011-12-21'),
(10023,'1009','2020-11-23','2011-12-21'),
(10024,'1009','2020-11-23','2011-12-21'),
(10025,'1009','2020-11-23','2011-12-21'),
(10026,'1009','2020-11-23','2011-12-21');


INSERT INTO `titles` VALUES 
(10001,'Senior Engineer','2005-12-30','2002-04-13'),
(10002,'Staff','2005-12-30','2002-04-13'),
(10003,'Senior Engineer','2005-12-30','2002-04-13'),
(10004,'Engineer','2005-12-30','2002-04-13'),
(10004,'Senior Engineer','2005-12-30','2002-04-13'),
(10005,'Senior Staff','2005-12-30','2002-04-13'),
(10005,'Staff','2005-12-30','2002-04-13'),
(10006,'Senior Engineer','2005-12-30','2002-04-13'),
(10007,'Senior Staff','2005-12-30','2002-04-13'),
(10007,'Staff','2005-12-30','2002-04-13'),
(10008,'Assistant Engineer','2005-12-30','2002-04-13'),
(10009,'Assistant Engineer','2005-12-30','2002-04-13'),
(10009,'Engineer','2005-12-30','2002-04-13'),
(10009,'Senior Engineer','2005-12-30','2002-04-13'),
(10010,'Engineer','2005-12-30','2002-04-13'),
(10011,'Staff','2005-12-30','2002-04-13'),
(10012,'Engineer','2005-12-30','2002-04-13'),
(10012,'Senior Engineer','2005-12-30','2002-04-13'),
(10013,'Senior Staff','2005-12-30','2002-04-13'),
(10014,'Engineer','2005-12-30','2002-04-13'),
(10015,'Senior Staff','2005-12-30','2002-04-13'),
(10016,'Staff','2005-12-30','2002-04-13'),
(10017,'Senior Staff','2005-12-30','2002-04-13'),
(10017,'Staff','2005-12-30','2002-04-13'),
(10018,'Engineer','2005-12-30','2002-04-13'),
(10018,'Senior Engineer','2005-12-30','2002-04-13'),
(10019,'Staff','2005-12-30','2002-04-13'),
(10020,'Engineer','2005-12-30','2002-04-13'),
(10021,'Technique Leader','2005-12-30','2002-04-13'),
(10022,'Engineer','2005-12-30','2002-04-13'),
(10023,'Engineer','2005-12-30','2002-04-13'),
(10024,'Assistant Engineer','2005-12-30','2002-04-13'),
(10025,'Technique Leader','2005-12-30','2002-04-13'),
(10026,'Engineer','2005-12-30','2002-04-13'),
(10026,'Senior Engineer','2005-12-30','2002-04-13'),
(10027,'Engineer','2005-12-30','2002-04-13'),
(10027,'Senior Engineer','2005-12-30','2002-04-13'),
(10028,'Engineer','2005-12-30','2002-04-13'),
(10029,'Engineer','2005-12-30','2002-04-13'),
(10029,'Senior Engineer','2005-12-30','2002-04-13'),
(10030,'Engineer','2005-12-30','2002-04-13'),
(10030,'Senior Engineer','2005-12-30','2002-04-13'),
(10031,'Engineer','2005-12-30','2002-04-13'),
(10031,'Senior Engineer','2005-12-30','2002-04-13'),
(10032,'Engineer','2005-12-30','2002-04-13'),
(10032,'Senior Engineer','2005-12-30','2002-04-13'),
(10033,'Technique Leader','2005-12-30','2002-04-13'),
(10034,'Staff','2005-12-30','2002-04-13'),
(10035,'Engineer','2005-12-30','2002-04-13'),
(10035,'Senior Engineer','2005-12-30','2002-04-13'),
(10036,'Senior Staff','2005-12-30','2002-04-13'),
(10037,'Engineer','2005-12-30','2002-04-13'),
(10037,'Senior Engineer','2005-12-30','2002-04-13'),
(10038,'Senior Staff','2005-12-30','2002-04-13'),
(10038,'Staff','2005-12-30','2002-04-13'),
(10039,'Senior Staff','2005-12-30','2002-04-13'),
(10039,'Staff','2005-12-30','2002-04-13'),
(10040,'Engineer','2005-12-30','2002-04-13'),
(10040,'Senior Engineer','2005-12-30','2002-04-13'),
(10041,'Senior Staff','2005-12-30','2002-04-13'),
(10041,'Staff','2005-12-30','2002-04-13'),
(10042,'Senior Staff','2005-12-30','2002-04-13'),
(10042,'Staff','2005-12-30','2002-04-13'),
(10043,'Engineer','2005-12-30','2002-04-13'),
(10043,'Senior Engineer','2005-12-30','2002-04-13'),
(10044,'Technique Leader','2005-12-30','2002-04-13'),
(10045,'Engineer','2005-12-30','2002-04-13'),
(10046,'Senior Staff','2005-12-30','2002-04-13'),
(10046,'Staff','2005-12-30','2002-04-13'),
(10047,'Engineer','2005-12-30','2002-04-13'),
(10047,'Senior Engineer','2005-12-30','2002-04-13'),
(10048,'Engineer','2005-12-30','2002-04-13'),
(10049,'Senior Staff','2005-12-30','2002-04-13'),
(10049,'Staff','2005-12-30','2002-04-13'),
(10050,'Senior Staff','2005-12-30','2002-04-13'),
(10050,'Staff','2005-12-30','2002-04-13'),
(10051,'Engineer','2005-12-30','2002-04-13'),
(10051,'Senior Engineer','2005-12-30','2002-04-13'),
(10052,'Senior Staff','2005-12-30','2002-04-13'),
(10052,'Staff','2005-12-30','2002-04-13'),
(10053,'Senior Staff','2005-12-30','2002-04-13'),
(10054,'Senior Staff','2005-12-30','2002-04-13'),
(10054,'Staff','2005-12-30','2002-04-13'),
(10055,'Staff','2005-12-30','2002-04-13'),
(10056,'Engineer','2005-12-30','2002-04-13'),
(10056,'Senior Engineer','2005-12-30','2002-04-13'),
(10057,'Engineer','2005-12-30','2002-04-13'),
(10057,'Senior Engineer','2005-12-30','2002-04-13'),
(10058,'Senior Staff','2005-12-30','2002-04-13'),
(10059,'Senior Staff','2005-12-30','2002-04-13'),
(10060,'Senior Staff','2005-12-30','2002-04-13'),
(10060,'Staff','2005-12-30','2002-04-13'),
(10061,'Senior Staff','2005-12-30','2002-04-13'),
(10062,'Engineer','2005-12-30','2002-04-13'),
(10062,'Senior Engineer','2005-12-30','2002-04-13'),
(10063,'Senior Engineer','2005-12-30','2002-04-13'),
(10064,'Staff','2005-12-30','2002-04-13'),
(10065,'Engineer','2005-12-30','2002-04-13'),
(10066,'Assistant Engineer','2005-12-30','2002-04-13'),
(10066,'Engineer','2005-12-30','2002-04-13');



INSERT INTO `salaries` VALUES 
(10001,60117,'2002-03-11','2005-01-12'),
(10002,62102,'2002-03-11','2005-01-12'),
(10003,66074,'2002-03-11','2005-01-12'),
(10004,66596,'2002-03-11','2005-01-12'),
(10005,66961,'2002-03-11','2005-01-12'),
(10006,71046,'2002-03-11','2005-01-12'),
(10007,74333,'2002-03-11','2005-01-12'),
(10008,75286,'2002-03-11','2005-01-12'),
(10009,75994,'2002-03-11','2005-01-12'),
(10011,76884,'2002-03-11','2005-01-12'),
(10012,80013,'2002-03-11','2005-01-12'),
(10013,81025,'2002-03-11','2005-01-12'),
(10014,81097,'2002-03-11','2005-01-12'),
(10015,84917,'2002-03-11','2005-01-12'),
(10016,85112,'2002-03-11','2005-01-12'),
(10017,85097,'2002-03-11','2005-01-12'),
(10018,88958,'2002-03-11','2005-01-12'),
(10019,65828,'2002-03-11','2005-01-12'),
(10020,65909,'2002-03-11','2005-01-12'),
(10022,67534,'2002-03-11','2005-01-12'),
(10021,69366,'2002-03-11','2005-01-12'),
(10023,71963,'2002-03-11','2005-01-12'),
(10024,72527,'2002-03-11','2005-01-12'),
(10025,40006,'2002-03-11','2005-01-12'),
(10010,43616,'2002-03-11','2005-01-12');